{
    "swagger": "2.0",
    "info": {
        "description": "bluebell_backend测试",
        "title": "bluebell_backend",
        "termsOfService": "http://swagger.io/terms/",
        "contact": {
            "name": "author：@huchao",
            "url": "http://www.swagger.io/support",
            "email": "support@swagger.io"
        },
        "license": {
            "name": "Apache 2.0",
            "url": "http://www.apache.org/licenses/LICENSE-2.0.html"
        },
        "version": "1.0"
    },
    "host": "127.0.0.1:8081",
    "basePath": "/api/v1/",
    "paths": {
        "/community": {
            "get": {
                "security": [
                    {
                        "ApiKeyAuth": []
                    }
                ],
                "description": "社区列表",
                "consumes": [
                    "application/json"
                ],
                "produces": [
                    "application/json"
                ],
                "tags": [
                    "社区业务接口"
                ],
                "summary": "社区列表",
                "parameters": [
                    {
                        "type": "string",
                        "description": "Bearer 用户令牌",
                        "name": "Authorization",
                        "in": "header",
                        "required": true
                    },
                    {
                        "type": "integer",
                        "name": "community_id",
                        "in": "query"
                    },
                    {
                        "type": "string",
                        "name": "community_name",
                        "in": "query"
                    }
                ],
                "responses": {
                    "200": {
                        "description": "OK",
                        "schema": {
                            "$ref": "#/definitions/controller._ResponsePostList"
                        }
                    }
                }
            }
        },
        "/community/:id": {
            "get": {
                "security": [
                    {
                        "ApiKeyAuth": []
                    }
                ],
                "description": "社区详情",
                "consumes": [
                    "application/json"
                ],
                "produces": [
                    "application/json"
                ],
                "tags": [
                    "社区业务接口"
                ],
                "summary": "社区详情",
                "parameters": [
                    {
                        "type": "string",
                        "description": "Bearer 用户令牌",
                        "name": "Authorization",
                        "in": "header",
                        "required": true
                    },
                    {
                        "type": "integer",
                        "description": "id",
                        "name": "communityId",
                        "in": "path",
                        "required": true
                    }
                ],
                "responses": {
                    "200": {
                        "description": "OK",
                        "schema": {
                            "$ref": "#/definitions/controller._ResponsePostList"
                        }
                    }
                }
            }
        },
        "/login": {
            "post": {
                "security": [
                    {
                        "ApiKeyAuth": []
                    }
                ],
                "description": "登录业务",
                "consumes": [
                    "application/json"
                ],
                "produces": [
                    "application/json"
                ],
                "tags": [
                    "用户业务接口"
                ],
                "summary": "登录业务",
                "parameters": [
                    {
                        "type": "string",
                        "description": "Bearer 用户令牌",
                        "name": "Authorization",
                        "in": "header"
                    },
                    {
                        "type": "string",
                        "name": "password",
                        "in": "query",
                        "required": true
                    },
                    {
                        "type": "string",
                        "name": "username",
                        "in": "query",
                        "required": true
                    }
                ],
                "responses": {
                    "200": {
                        "description": "OK",
                        "schema": {
                            "$ref": "#/definitions/controller._ResponsePostList"
                        }
                    }
                }
            }
        },
        "/post": {
            "post": {
                "security": [
                    {
                        "ApiKeyAuth": []
                    }
                ],
                "description": "创建帖子",
                "consumes": [
                    "application/json"
                ],
                "produces": [
                    "application/json"
                ],
                "tags": [
                    "帖子相关接口"
                ],
                "summary": "创建帖子",
                "parameters": [
                    {
                        "type": "string",
                        "description": "Bearer 用户令牌",
                        "name": "Authorization",
                        "in": "header",
                        "required": true
                    },
                    {
                        "type": "integer",
                        "name": "author_id",
                        "in": "query"
                    },
                    {
                        "type": "integer",
                        "name": "community_id",
                        "in": "query",
                        "required": true
                    },
                    {
                        "type": "string",
                        "name": "content",
                        "in": "query",
                        "required": true
                    },
                    {
                        "type": "string",
                        "example": "0",
                        "name": "post_id",
                        "in": "query"
                    },
                    {
                        "type": "integer",
                        "name": "status",
                        "in": "query"
                    },
                    {
                        "type": "string",
                        "name": "title",
                        "in": "query",
                        "required": true
                    }
                ],
                "responses": {
                    "200": {
                        "description": "OK",
                        "schema": {
                            "$ref": "#/definitions/controller._ResponsePostList"
                        }
                    }
                }
            }
        },
        "/post/:id": {
            "get": {
                "security": [
                    {
                        "ApiKeyAuth": []
                    }
                ],
                "description": "可按社区按时间或分数排序查询帖子列表接口",
                "consumes": [
                    "application/json"
                ],
                "produces": [
                    "application/json"
                ],
                "tags": [
                    "帖子相关接口"
                ],
                "summary": "升级版帖子列表接口",
                "parameters": [
                    {
                        "type": "string",
                        "description": "Bearer 用户令牌",
                        "name": "Authorization",
                        "in": "header",
                        "required": true
                    },
                    {
                        "type": "integer",
                        "description": "id",
                        "name": "postId",
                        "in": "path",
                        "required": true
                    }
                ],
                "responses": {
                    "200": {
                        "description": "OK",
                        "schema": {
                            "$ref": "#/definitions/controller._ResponsePostList"
                        }
                    }
                }
            }
        },
        "/posts": {
            "get": {
                "security": [
                    {
                        "ApiKeyAuth": []
                    }
                ],
                "description": "分页获取帖子列表",
                "consumes": [
                    "application/json"
                ],
                "produces": [
                    "application/json"
                ],
                "tags": [
                    "帖子相关接口"
                ],
                "summary": "分页获取帖子列表",
                "parameters": [
                    {
                        "type": "string",
                        "description": "Bearer 用户令牌",
                        "name": "Authorization",
                        "in": "header",
                        "required": true
                    }
                ],
                "responses": {
                    "200": {
                        "description": "OK",
                        "schema": {
                            "$ref": "#/definitions/controller._ResponsePostList"
                        }
                    }
                }
            }
        },
        "/posts2": {
            "get": {
                "security": [
                    {
                        "ApiKeyAuth": []
                    }
                ],
                "description": "可按社区按时间或分数排序查询帖子列表接口",
                "consumes": [
                    "application/json"
                ],
                "produces": [
                    "application/json"
                ],
                "tags": [
                    "帖子相关接口"
                ],
                "summary": "升级版帖子列表接口",
                "parameters": [
                    {
                        "type": "string",
                        "description": "Bearer 用户令牌",
                        "name": "Authorization",
                        "in": "header",
                        "required": true
                    },
                    {
                        "type": "integer",
                        "description": "可以为空",
                        "name": "community_id",
                        "in": "query"
                    },
                    {
                        "type": "string",
                        "example": "score",
                        "description": "排序依据",
                        "name": "order",
                        "in": "query"
                    },
                    {
                        "type": "integer",
                        "description": "页码",
                        "name": "page",
                        "in": "query"
                    },
                    {
                        "type": "integer",
                        "description": "每页数量",
                        "name": "size",
                        "in": "query"
                    }
                ],
                "responses": {
                    "200": {
                        "description": "OK",
                        "schema": {
                            "$ref": "#/definitions/controller._ResponsePostList"
                        }
                    }
                }
            }
        },
        "/refresh_token": {
            "get": {
                "security": [
                    {
                        "ApiKeyAuth": []
                    }
                ],
                "description": "刷新accessToken",
                "consumes": [
                    "application/json"
                ],
                "produces": [
                    "application/json"
                ],
                "tags": [
                    "用户业务接口"
                ],
                "summary": "刷新accessToken",
                "parameters": [
                    {
                        "type": "string",
                        "description": "Bearer 用户令牌",
                        "name": "Authorization",
                        "in": "header",
                        "required": true
                    },
                    {
                        "type": "integer",
                        "description": "可以为空",
                        "name": "community_id",
                        "in": "query"
                    },
                    {
                        "type": "string",
                        "example": "score",
                        "description": "排序依据",
                        "name": "order",
                        "in": "query"
                    },
                    {
                        "type": "integer",
                        "description": "页码",
                        "name": "page",
                        "in": "query"
                    },
                    {
                        "type": "integer",
                        "description": "每页数量",
                        "name": "size",
                        "in": "query"
                    }
                ],
                "responses": {
                    "200": {
                        "description": "OK",
                        "schema": {
                            "$ref": "#/definitions/controller._ResponsePostList"
                        }
                    }
                }
            }
        },
        "/signup": {
            "post": {
                "security": [
                    {
                        "ApiKeyAuth": []
                    }
                ],
                "description": "注册业务",
                "consumes": [
                    "application/json"
                ],
                "produces": [
                    "application/json"
                ],
                "tags": [
                    "用户业务接口"
                ],
                "summary": "注册业务",
                "parameters": [
                    {
                        "type": "string",
                        "description": "Bearer 用户令牌",
                        "name": "Authorization",
                        "in": "header"
                    },
                    {
                        "type": "integer",
                        "description": "可以为空",
                        "name": "community_id",
                        "in": "query"
                    },
                    {
                        "type": "string",
                        "example": "score",
                        "description": "排序依据",
                        "name": "order",
                        "in": "query"
                    },
                    {
                        "type": "integer",
                        "description": "页码",
                        "name": "page",
                        "in": "query"
                    },
                    {
                        "type": "integer",
                        "description": "每页数量",
                        "name": "size",
                        "in": "query"
                    }
                ],
                "responses": {
                    "200": {
                        "description": "OK",
                        "schema": {
                            "$ref": "#/definitions/controller._ResponsePostList"
                        }
                    }
                }
            }
        },
        "/vote": {
            "post": {
                "security": [
                    {
                        "ApiKeyAuth": []
                    }
                ],
                "description": "投票",
                "consumes": [
                    "application/json"
                ],
                "produces": [
                    "application/json"
                ],
                "tags": [
                    "投票业务接口"
                ],
                "summary": "投票",
                "parameters": [
                    {
                        "type": "string",
                        "description": "Bearer 用户令牌",
                        "name": "Authorization",
                        "in": "header",
                        "required": true
                    },
                    {
                        "type": "integer",
                        "description": "可以为空",
                        "name": "community_id",
                        "in": "query"
                    },
                    {
                        "type": "string",
                        "example": "score",
                        "description": "排序依据",
                        "name": "order",
                        "in": "query"
                    },
                    {
                        "type": "integer",
                        "description": "页码",
                        "name": "page",
                        "in": "query"
                    },
                    {
                        "type": "integer",
                        "description": "每页数量",
                        "name": "size",
                        "in": "query"
                    }
                ],
                "responses": {
                    "200": {
                        "description": "OK",
                        "schema": {
                            "$ref": "#/definitions/controller._ResponsePostList"
                        }
                    }
                }
            }
        }
    },
    "definitions": {
        "controller._ResponsePostList": {
            "type": "object",
            "properties": {
                "code": {
                    "description": "业务响应状态码",
                    "type": "integer"
                },
                "data": {
                    "description": "数据",
                    "type": "array",
                    "items": {
                        "$ref": "#/definitions/models.ApiPostDetail"
                    }
                },
                "message": {
                    "description": "提示信息",
                    "type": "string"
                }
            }
        },
        "models.ApiPostDetail": {
            "type": "object",
            "required": [
                "community_id",
                "content",
                "title"
            ],
            "properties": {
                "author_id": {
                    "type": "integer"
                },
                "author_name": {
                    "type": "string"
                },
                "community_id": {
                    "type": "integer"
                },
                "community_name": {
                    "type": "string"
                },
                "content": {
                    "type": "string"
                },
                "create_time": {
                    "type": "string"
                },
                "introduction": {
                    "description": "omitempty 当Introduction为空时不展示",
                    "type": "string"
                },
                "post_id": {
                    "type": "string",
                    "example": "0"
                },
                "status": {
                    "type": "integer"
                },
                "title": {
                    "type": "string"
                },
                "vote_num": {
                    "type": "integer"
                }
            }
        }
    }
}